<BackupInst xmlns="http://www.microsoft.com/GroupPolicy/GPOOperations/Manifest"><GPOGuid><![CDATA[{C780356E-73FB-4734-BE71-53E5BC444061}]]></GPOGuid><GPODomain><![CDATA[test.local]]></GPODomain><GPODomainGuid><![CDATA[{066d9de1-2f2e-4b3c-8bd7-70db4d37a470}]]></GPODomainGuid><GPODomainController><![CDATA[WIN-TBN3F9EVD3H.test.local]]></GPODomainController><BackupTime><![CDATA[2024-04-06T23:52:28]]></BackupTime><ID><![CDATA[{40E1EAFA-8121-4FFA-B6FE-BC348636AB83}]]></ID><Comment><![CDATA[]]></Comment><GPODisplayName><![CDATA[domain-controller-settings]]></GPODisplayName></BackupInst>
