<BackupInst xmlns="http://www.microsoft.com/GroupPolicy/GPOOperations/Manifest"><GPOGuid><![CDATA[{701AA33B-425C-4FE6-B66B-3757D473CFEC}]]></GPOGuid><GPODomain><![CDATA[test.local]]></GPODomain><GPODomainGuid><![CDATA[{066d9de1-2f2e-4b3c-8bd7-70db4d37a470}]]></GPODomainGuid><GPODomainController><![CDATA[WIN-TBN3F9EVD3H.test.local]]></GPODomainController><BackupTime><![CDATA[2024-04-06T23:59:32]]></BackupTime><ID><![CDATA[{6136C3E1-B316-4C46-9B8B-8C1FC373F73C}]]></ID><Comment><![CDATA[]]></Comment><GPODisplayName><![CDATA[member-server-client-settings]]></GPODisplayName></BackupInst>
